[
{
    "model": "sessions.session",
    "pk": "0nt0zc84g4fn0xh1sy1u374l2h8mfswm",
    "fields": {
        "session_data": "NjlhMjFlODE0OTdiNDA5YjZkNzIxZTM2YzVkZTM2N2MxNTNiNDg5ZTp7Il9hdXRoX3VzZXJfaGFzaCI6IjNkN2Q1MWMyNzcwNTcwMDY4MjBhZDlmMzYwM2E5MDYyOTM2MWUzOTYiLCJfYXV0aF91c2VyX2JhY2tlbmQiOiJhY2NvdW50cy5iYWNrZW5kcy5FbWFpbEF1dGgiLCJfYXV0aF91c2VyX2lkIjoiMSJ9",
        "expire_date": "2017-08-30T20:08:05.907Z"
    }
},
{
    "model": "sessions.session",
    "pk": "3u7gkz5zrvxg2u8jem49k9ojnobb1opq",
    "fields": {
        "session_data": "NjlhMjFlODE0OTdiNDA5YjZkNzIxZTM2YzVkZTM2N2MxNTNiNDg5ZTp7Il9hdXRoX3VzZXJfaGFzaCI6IjNkN2Q1MWMyNzcwNTcwMDY4MjBhZDlmMzYwM2E5MDYyOTM2MWUzOTYiLCJfYXV0aF91c2VyX2JhY2tlbmQiOiJhY2NvdW50cy5iYWNrZW5kcy5FbWFpbEF1dGgiLCJfYXV0aF91c2VyX2lkIjoiMSJ9",
        "expire_date": "2017-09-05T19:47:35.415Z"
    }
},
{
    "model": "sessions.session",
    "pk": "6fj7u66vt3ovycksoajs5xk3e2zr6dam",
    "fields": {
        "session_data": "NjlhMjFlODE0OTdiNDA5YjZkNzIxZTM2YzVkZTM2N2MxNTNiNDg5ZTp7Il9hdXRoX3VzZXJfaGFzaCI6IjNkN2Q1MWMyNzcwNTcwMDY4MjBhZDlmMzYwM2E5MDYyOTM2MWUzOTYiLCJfYXV0aF91c2VyX2JhY2tlbmQiOiJhY2NvdW50cy5iYWNrZW5kcy5FbWFpbEF1dGgiLCJfYXV0aF91c2VyX2lkIjoiMSJ9",
        "expire_date": "2017-08-22T13:52:41.679Z"
    }
},
{
    "model": "sessions.session",
    "pk": "8reo4qldorsc4tkrqdn624e0wdogcnm2",
    "fields": {
        "session_data": "NjlhMjFlODE0OTdiNDA5YjZkNzIxZTM2YzVkZTM2N2MxNTNiNDg5ZTp7Il9hdXRoX3VzZXJfaGFzaCI6IjNkN2Q1MWMyNzcwNTcwMDY4MjBhZDlmMzYwM2E5MDYyOTM2MWUzOTYiLCJfYXV0aF91c2VyX2JhY2tlbmQiOiJhY2NvdW50cy5iYWNrZW5kcy5FbWFpbEF1dGgiLCJfYXV0aF91c2VyX2lkIjoiMSJ9",
        "expire_date": "2017-09-01T10:09:21.628Z"
    }
},
{
    "model": "sessions.session",
    "pk": "9r8opdlhgohapls4e280c05crvg6iv5f",
    "fields": {
        "session_data": "Yzg5NTFiN2NiOTFhYjZjMTM5YjQ2M2YxYWRmMGUyZjkyMWQ1YTI3OTp7Il9hdXRoX3VzZXJfaGFzaCI6ImZiYTdlZmE5ZWRhYmFlMDM5NDU1N2UzOGMxMjdkYzYxZGZmMGIyZjMiLCJfYXV0aF91c2VyX2JhY2tlbmQiOiJhY2NvdW50cy5iYWNrZW5kcy5FbWFpbEF1dGgiLCJfYXV0aF91c2VyX2lkIjoiNiJ9",
        "expire_date": "2017-09-05T22:17:29.941Z"
    }
},
{
    "model": "sessions.session",
    "pk": "auy1ldno0ov6caze7biwvxop08fqbpv2",
    "fields": {
        "session_data": "NjlhMjFlODE0OTdiNDA5YjZkNzIxZTM2YzVkZTM2N2MxNTNiNDg5ZTp7Il9hdXRoX3VzZXJfaGFzaCI6IjNkN2Q1MWMyNzcwNTcwMDY4MjBhZDlmMzYwM2E5MDYyOTM2MWUzOTYiLCJfYXV0aF91c2VyX2JhY2tlbmQiOiJhY2NvdW50cy5iYWNrZW5kcy5FbWFpbEF1dGgiLCJfYXV0aF91c2VyX2lkIjoiMSJ9",
        "expire_date": "2017-09-01T14:35:50.146Z"
    }
},
{
    "model": "sessions.session",
    "pk": "dkupf19nfzuxrsiwg311aohxy2gnixmi",
    "fields": {
        "session_data": "OTM4MGY4ZGZkNzdmOTU3MTJhMWMyZmFjODNhYjllNzM4ZWM4NjgyNDp7Il9hdXRoX3VzZXJfaGFzaCI6ImRhM2FkMGUwYTY0YjFiZWM4ZDhiMTQ3N2Y3NTNjYzQ4OTVhNmM2OTIiLCJfYXV0aF91c2VyX2JhY2tlbmQiOiJkamFuZ28uY29udHJpYi5hdXRoLmJhY2tlbmRzLk1vZGVsQmFja2VuZCIsIl9hdXRoX3VzZXJfaWQiOiIzIn0=",
        "expire_date": "2017-08-22T12:34:25.741Z"
    }
},
{
    "model": "sessions.session",
    "pk": "ebex1uj8rnnnomz754qpn0jg4p5v5q2n",
    "fields": {
        "session_data": "NjlhMjFlODE0OTdiNDA5YjZkNzIxZTM2YzVkZTM2N2MxNTNiNDg5ZTp7Il9hdXRoX3VzZXJfaGFzaCI6IjNkN2Q1MWMyNzcwNTcwMDY4MjBhZDlmMzYwM2E5MDYyOTM2MWUzOTYiLCJfYXV0aF91c2VyX2JhY2tlbmQiOiJhY2NvdW50cy5iYWNrZW5kcy5FbWFpbEF1dGgiLCJfYXV0aF91c2VyX2lkIjoiMSJ9",
        "expire_date": "2017-08-21T17:17:39.819Z"
    }
},
{
    "model": "sessions.session",
    "pk": "erd3h482k1n7yej6neatjp1h2i71nfax",
    "fields": {
        "session_data": "NjlhMjFlODE0OTdiNDA5YjZkNzIxZTM2YzVkZTM2N2MxNTNiNDg5ZTp7Il9hdXRoX3VzZXJfaGFzaCI6IjNkN2Q1MWMyNzcwNTcwMDY4MjBhZDlmMzYwM2E5MDYyOTM2MWUzOTYiLCJfYXV0aF91c2VyX2JhY2tlbmQiOiJhY2NvdW50cy5iYWNrZW5kcy5FbWFpbEF1dGgiLCJfYXV0aF91c2VyX2lkIjoiMSJ9",
        "expire_date": "2017-08-15T13:13:04.120Z"
    }
},
{
    "model": "sessions.session",
    "pk": "esdkhgkdltdx2c8kw9k0raq84o12gpsu",
    "fields": {
        "session_data": "NjlhMjFlODE0OTdiNDA5YjZkNzIxZTM2YzVkZTM2N2MxNTNiNDg5ZTp7Il9hdXRoX3VzZXJfaGFzaCI6IjNkN2Q1MWMyNzcwNTcwMDY4MjBhZDlmMzYwM2E5MDYyOTM2MWUzOTYiLCJfYXV0aF91c2VyX2JhY2tlbmQiOiJhY2NvdW50cy5iYWNrZW5kcy5FbWFpbEF1dGgiLCJfYXV0aF91c2VyX2lkIjoiMSJ9",
        "expire_date": "2017-08-16T09:28:15.976Z"
    }
},
{
    "model": "sessions.session",
    "pk": "fjmh2spizyo3vk31eb1wl87qxl3oj9mt",
    "fields": {
        "session_data": "NjlhMjFlODE0OTdiNDA5YjZkNzIxZTM2YzVkZTM2N2MxNTNiNDg5ZTp7Il9hdXRoX3VzZXJfaGFzaCI6IjNkN2Q1MWMyNzcwNTcwMDY4MjBhZDlmMzYwM2E5MDYyOTM2MWUzOTYiLCJfYXV0aF91c2VyX2JhY2tlbmQiOiJhY2NvdW50cy5iYWNrZW5kcy5FbWFpbEF1dGgiLCJfYXV0aF91c2VyX2lkIjoiMSJ9",
        "expire_date": "2017-08-16T09:16:52.859Z"
    }
},
{
    "model": "sessions.session",
    "pk": "hrmcyj0pjpowaxcggd9ufszw1qztz4ms",
    "fields": {
        "session_data": "NjlhMjFlODE0OTdiNDA5YjZkNzIxZTM2YzVkZTM2N2MxNTNiNDg5ZTp7Il9hdXRoX3VzZXJfaGFzaCI6IjNkN2Q1MWMyNzcwNTcwMDY4MjBhZDlmMzYwM2E5MDYyOTM2MWUzOTYiLCJfYXV0aF91c2VyX2JhY2tlbmQiOiJhY2NvdW50cy5iYWNrZW5kcy5FbWFpbEF1dGgiLCJfYXV0aF91c2VyX2lkIjoiMSJ9",
        "expire_date": "2017-08-21T15:14:46.342Z"
    }
},
{
    "model": "sessions.session",
    "pk": "i9roqb1jqsxa0vj5zuts1wak8eo5k1xy",
    "fields": {
        "session_data": "NjlhMjFlODE0OTdiNDA5YjZkNzIxZTM2YzVkZTM2N2MxNTNiNDg5ZTp7Il9hdXRoX3VzZXJfaGFzaCI6IjNkN2Q1MWMyNzcwNTcwMDY4MjBhZDlmMzYwM2E5MDYyOTM2MWUzOTYiLCJfYXV0aF91c2VyX2JhY2tlbmQiOiJhY2NvdW50cy5iYWNrZW5kcy5FbWFpbEF1dGgiLCJfYXV0aF91c2VyX2lkIjoiMSJ9",
        "expire_date": "2017-08-18T11:27:56.305Z"
    }
},
{
    "model": "sessions.session",
    "pk": "iyfs4g0q5fyexmjk6mzfoon5fwz911c3",
    "fields": {
        "session_data": "NjlhMjFlODE0OTdiNDA5YjZkNzIxZTM2YzVkZTM2N2MxNTNiNDg5ZTp7Il9hdXRoX3VzZXJfaGFzaCI6IjNkN2Q1MWMyNzcwNTcwMDY4MjBhZDlmMzYwM2E5MDYyOTM2MWUzOTYiLCJfYXV0aF91c2VyX2JhY2tlbmQiOiJhY2NvdW50cy5iYWNrZW5kcy5FbWFpbEF1dGgiLCJfYXV0aF91c2VyX2lkIjoiMSJ9",
        "expire_date": "2017-08-31T16:20:08.727Z"
    }
},
{
    "model": "sessions.session",
    "pk": "othel3atmc3t6z0d8687gywqvw3u5yeh",
    "fields": {
        "session_data": "NjlhMjFlODE0OTdiNDA5YjZkNzIxZTM2YzVkZTM2N2MxNTNiNDg5ZTp7Il9hdXRoX3VzZXJfaGFzaCI6IjNkN2Q1MWMyNzcwNTcwMDY4MjBhZDlmMzYwM2E5MDYyOTM2MWUzOTYiLCJfYXV0aF91c2VyX2JhY2tlbmQiOiJhY2NvdW50cy5iYWNrZW5kcy5FbWFpbEF1dGgiLCJfYXV0aF91c2VyX2lkIjoiMSJ9",
        "expire_date": "2017-08-14T16:16:14.106Z"
    }
},
{
    "model": "sessions.session",
    "pk": "owx86f33xg82w3w40gf3jvrmnz7oqhnl",
    "fields": {
        "session_data": "NjlhMjFlODE0OTdiNDA5YjZkNzIxZTM2YzVkZTM2N2MxNTNiNDg5ZTp7Il9hdXRoX3VzZXJfaGFzaCI6IjNkN2Q1MWMyNzcwNTcwMDY4MjBhZDlmMzYwM2E5MDYyOTM2MWUzOTYiLCJfYXV0aF91c2VyX2JhY2tlbmQiOiJhY2NvdW50cy5iYWNrZW5kcy5FbWFpbEF1dGgiLCJfYXV0aF91c2VyX2lkIjoiMSJ9",
        "expire_date": "2017-08-14T13:19:38.237Z"
    }
},
{
    "model": "sessions.session",
    "pk": "p8lkez3ysp0bnw1vmu29ai36c0emi6uz",
    "fields": {
        "session_data": "NjlhMjFlODE0OTdiNDA5YjZkNzIxZTM2YzVkZTM2N2MxNTNiNDg5ZTp7Il9hdXRoX3VzZXJfaGFzaCI6IjNkN2Q1MWMyNzcwNTcwMDY4MjBhZDlmMzYwM2E5MDYyOTM2MWUzOTYiLCJfYXV0aF91c2VyX2JhY2tlbmQiOiJhY2NvdW50cy5iYWNrZW5kcy5FbWFpbEF1dGgiLCJfYXV0aF91c2VyX2lkIjoiMSJ9",
        "expire_date": "2017-08-23T12:21:59.670Z"
    }
},
{
    "model": "sessions.session",
    "pk": "qv5y9cu7dhjdf9guixzytw60te33gmvv",
    "fields": {
        "session_data": "NjlhMjFlODE0OTdiNDA5YjZkNzIxZTM2YzVkZTM2N2MxNTNiNDg5ZTp7Il9hdXRoX3VzZXJfaGFzaCI6IjNkN2Q1MWMyNzcwNTcwMDY4MjBhZDlmMzYwM2E5MDYyOTM2MWUzOTYiLCJfYXV0aF91c2VyX2JhY2tlbmQiOiJhY2NvdW50cy5iYWNrZW5kcy5FbWFpbEF1dGgiLCJfYXV0aF91c2VyX2lkIjoiMSJ9",
        "expire_date": "2017-09-06T08:44:33.987Z"
    }
},
{
    "model": "sessions.session",
    "pk": "rk2u7qfzep7sqmhx7ab0o7wxbadrrz3u",
    "fields": {
        "session_data": "NjlhMjFlODE0OTdiNDA5YjZkNzIxZTM2YzVkZTM2N2MxNTNiNDg5ZTp7Il9hdXRoX3VzZXJfaGFzaCI6IjNkN2Q1MWMyNzcwNTcwMDY4MjBhZDlmMzYwM2E5MDYyOTM2MWUzOTYiLCJfYXV0aF91c2VyX2JhY2tlbmQiOiJhY2NvdW50cy5iYWNrZW5kcy5FbWFpbEF1dGgiLCJfYXV0aF91c2VyX2lkIjoiMSJ9",
        "expire_date": "2017-08-16T10:23:34.047Z"
    }
},
{
    "model": "sessions.session",
    "pk": "uo8v9mjx8tmeqrf1tdaxoxhqc2kfv7e4",
    "fields": {
        "session_data": "NjlhMjFlODE0OTdiNDA5YjZkNzIxZTM2YzVkZTM2N2MxNTNiNDg5ZTp7Il9hdXRoX3VzZXJfaGFzaCI6IjNkN2Q1MWMyNzcwNTcwMDY4MjBhZDlmMzYwM2E5MDYyOTM2MWUzOTYiLCJfYXV0aF91c2VyX2JhY2tlbmQiOiJhY2NvdW50cy5iYWNrZW5kcy5FbWFpbEF1dGgiLCJfYXV0aF91c2VyX2lkIjoiMSJ9",
        "expire_date": "2017-08-29T20:03:36.652Z"
    }
},
{
    "model": "sessions.session",
    "pk": "wgcyazt518vajgum6q7uy9913w7c1rb4",
    "fields": {
        "session_data": "NjlhMjFlODE0OTdiNDA5YjZkNzIxZTM2YzVkZTM2N2MxNTNiNDg5ZTp7Il9hdXRoX3VzZXJfaGFzaCI6IjNkN2Q1MWMyNzcwNTcwMDY4MjBhZDlmMzYwM2E5MDYyOTM2MWUzOTYiLCJfYXV0aF91c2VyX2JhY2tlbmQiOiJhY2NvdW50cy5iYWNrZW5kcy5FbWFpbEF1dGgiLCJfYXV0aF91c2VyX2lkIjoiMSJ9",
        "expire_date": "2017-08-15T15:34:29.161Z"
    }
},
{
    "model": "sessions.session",
    "pk": "y787eqo8wdc7yq2i7uarjjcgo5o323sj",
    "fields": {
        "session_data": "NjlhMjFlODE0OTdiNDA5YjZkNzIxZTM2YzVkZTM2N2MxNTNiNDg5ZTp7Il9hdXRoX3VzZXJfaGFzaCI6IjNkN2Q1MWMyNzcwNTcwMDY4MjBhZDlmMzYwM2E5MDYyOTM2MWUzOTYiLCJfYXV0aF91c2VyX2JhY2tlbmQiOiJhY2NvdW50cy5iYWNrZW5kcy5FbWFpbEF1dGgiLCJfYXV0aF91c2VyX2lkIjoiMSJ9",
        "expire_date": "2017-08-29T20:38:28.348Z"
    }
},
{
    "model": "sessions.session",
    "pk": "yihelnpz0a02rkde8qrsit9atc9zn296",
    "fields": {
        "session_data": "NjlhMjFlODE0OTdiNDA5YjZkNzIxZTM2YzVkZTM2N2MxNTNiNDg5ZTp7Il9hdXRoX3VzZXJfaGFzaCI6IjNkN2Q1MWMyNzcwNTcwMDY4MjBhZDlmMzYwM2E5MDYyOTM2MWUzOTYiLCJfYXV0aF91c2VyX2JhY2tlbmQiOiJhY2NvdW50cy5iYWNrZW5kcy5FbWFpbEF1dGgiLCJfYXV0aF91c2VyX2lkIjoiMSJ9",
        "expire_date": "2017-08-23T12:04:04.246Z"
    }
},
{
    "model": "sessions.session",
    "pk": "yodoukb4nulrexshla7ykxsqimx4gkkq",
    "fields": {
        "session_data": "NjlhMjFlODE0OTdiNDA5YjZkNzIxZTM2YzVkZTM2N2MxNTNiNDg5ZTp7Il9hdXRoX3VzZXJfaGFzaCI6IjNkN2Q1MWMyNzcwNTcwMDY4MjBhZDlmMzYwM2E5MDYyOTM2MWUzOTYiLCJfYXV0aF91c2VyX2JhY2tlbmQiOiJhY2NvdW50cy5iYWNrZW5kcy5FbWFpbEF1dGgiLCJfYXV0aF91c2VyX2lkIjoiMSJ9",
        "expire_date": "2017-09-01T19:38:31.426Z"
    }
},
{
    "model": "sessions.session",
    "pk": "ytxeo3axbopfq4dne7svx1gz3idd8feq",
    "fields": {
        "session_data": "NjlhMjFlODE0OTdiNDA5YjZkNzIxZTM2YzVkZTM2N2MxNTNiNDg5ZTp7Il9hdXRoX3VzZXJfaGFzaCI6IjNkN2Q1MWMyNzcwNTcwMDY4MjBhZDlmMzYwM2E5MDYyOTM2MWUzOTYiLCJfYXV0aF91c2VyX2JhY2tlbmQiOiJhY2NvdW50cy5iYWNrZW5kcy5FbWFpbEF1dGgiLCJfYXV0aF91c2VyX2lkIjoiMSJ9",
        "expire_date": "2017-08-22T10:02:39.167Z"
    }
},
{
    "model": "accounts.user",
    "pk": 1,
    "fields": {
        "password": "pbkdf2_sha256$36000$Qlx03bWFvfaV$tzA/pEQDhdekfF6D6Khu7DcUVWaaLgRFv/mKkKa7EDM=",
        "last_login": "2017-08-23T08:44:33.849Z",
        "is_superuser": false,
        "username": "nicole@gmail.com",
        "first_name": "Nicole",
        "last_name": "Peach",
        "email": "nicole@gmail.com",
        "is_staff": false,
        "is_active": true,
        "date_joined": "2017-07-26T13:59:57.777Z",
        "groups": [],
        "user_permissions": []
    }
},
{
    "model": "accounts.user",
    "pk": 2,
    "fields": {
        "password": "pbkdf2_sha256$36000$YbedV2SKb4SJ$KIO8asPEAsLsNKSMeWXXdtOu19S1bUrPdJ12M38Lx5g=",
        "last_login": null,
        "is_superuser": false,
        "username": "shell@gmail.com",
        "first_name": "Shelley",
        "last_name": "Kidgell",
        "email": "shell@gmail.com",
        "is_staff": false,
        "is_active": true,
        "date_joined": "2017-07-26T14:34:05.995Z",
        "groups": [],
        "user_permissions": []
    }
},
{
    "model": "accounts.user",
    "pk": 3,
    "fields": {
        "password": "pbkdf2_sha256$36000$40gDgOsPMmPo$UgHKFlmp8HSqXZway//DEJWPhteGtY2yF98nsNpF42E=",
        "last_login": "2017-08-16T09:26:03.704Z",
        "is_superuser": true,
        "username": "nicole",
        "first_name": "",
        "last_name": "",
        "email": "nicolepeach84@gmail.com",
        "is_staff": true,
        "is_active": true,
        "date_joined": "2017-07-28T16:35:12.587Z",
        "groups": [],
        "user_permissions": []
    }
},
{
    "model": "accounts.user",
    "pk": 4,
    "fields": {
        "password": "pbkdf2_sha256$36000$8ipZmt7lKVGv$9A8jhJaVyB6P3VEXK5GtqdE6NUyZiFX8UXi8/m31lhA=",
        "last_login": "2017-07-29T15:16:12.973Z",
        "is_superuser": false,
        "username": "dan@mail.com",
        "first_name": "Dan",
        "last_name": "kidgell",
        "email": "dan@mail.com",
        "is_staff": false,
        "is_active": true,
        "date_joined": "2017-07-29T15:11:59.730Z",
        "groups": [],
        "user_permissions": []
    }
},
{
    "model": "accounts.user",
    "pk": 5,
    "fields": {
        "password": "pbkdf2_sha256$36000$kwHIXywZRPkK$7nOXJz9Mrn2w1o7HdiRK3econIwFUFcwAmJieXXfV+4=",
        "last_login": "2017-08-16T11:39:23.573Z",
        "is_superuser": false,
        "username": "sandy@gmail.com",
        "first_name": "sandy",
        "last_name": "who",
        "email": "sandy@gmail.com",
        "is_staff": false,
        "is_active": true,
        "date_joined": "2017-08-16T10:34:17.167Z",
        "groups": [],
        "user_permissions": []
    }
},
{
    "model": "accounts.user",
    "pk": 6,
    "fields": {
        "password": "pbkdf2_sha256$36000$kFOIZSnX9nRR$FAcErVJJpSgFPA4liGhlwF4tUyAU2+N/qoENKz9oaY4=",
        "last_login": "2017-08-22T22:17:29.677Z",
        "is_superuser": false,
        "username": "russ@gmail.com",
        "first_name": "Russ",
        "last_name": "Peach",
        "email": "russ@gmail.com",
        "is_staff": false,
        "is_active": true,
        "date_joined": "2017-08-22T22:13:37.882Z",
        "groups": [],
        "user_permissions": []
    }
},
{
    "model": "threads.subject",
    "pk": 1,
    "fields": {
        "name": "Art History",
        "description": "<p>Talk about the history of art.</p>"
    }
},
{
    "model": "threads.subject",
    "pk": 2,
    "fields": {
        "name": "Artists in same genre as Keryn",
        "description": "<p>Chat about other artists that do similar work.</p>"
    }
},
{
    "model": "threads.subject",
    "pk": 3,
    "fields": {
        "name": "Painting Tips",
        "description": "<p>Discuss tips about painting.</p>"
    }
},
{
    "model": "threads.subject",
    "pk": 6,
    "fields": {
        "name": "Art Inspiration",
        "description": "<p>Talk about what makes you paint or draw.</p>"
    }
},
{
    "model": "threads.thread",
    "pk": 3,
    "fields": {
        "name": "Old Photographs",
        "user": [
            "nicole"
        ],
        "subject": 6,
        "created_at": "2017-06-14T06:00:00Z"
    }
},
{
    "model": "threads.thread",
    "pk": 4,
    "fields": {
        "name": "Beautiful Nature",
        "user": [
            "nicole"
        ],
        "subject": 6,
        "created_at": "2017-08-08T12:29:48Z"
    }
},
{
    "model": "threads.thread",
    "pk": 5,
    "fields": {
        "name": "Wildlife Paintings",
        "user": [
            "nicole"
        ],
        "subject": 2,
        "created_at": "2017-05-16T12:00:00Z"
    }
},
{
    "model": "threads.thread",
    "pk": 6,
    "fields": {
        "name": "Did you Know?",
        "user": [
            "nicole"
        ],
        "subject": 1,
        "created_at": "2017-07-22T13:04:31Z"
    }
},
{
    "model": "threads.thread",
    "pk": 7,
    "fields": {
        "name": "Famous Artists",
        "user": [
            "nicole"
        ],
        "subject": 1,
        "created_at": "2017-08-08T13:19:58.610Z"
    }
},
{
    "model": "threads.thread",
    "pk": 8,
    "fields": {
        "name": "Tips for Beginners",
        "user": [
            "sandy@gmail.com"
        ],
        "subject": 3,
        "created_at": "2017-08-16T11:41:36.048Z"
    }
},
{
    "model": "threads.thread",
    "pk": 9,
    "fields": {
        "name": "Test",
        "user": [
            "nicole@gmail.com"
        ],
        "subject": 1,
        "created_at": "2017-08-16T14:02:03.562Z"
    }
},
{
    "model": "threads.post",
    "pk": 8,
    "fields": {
        "thread": 3,
        "comment": "<p>I get my inspiration to paint from old photographs, anywhere from the 20's up to the 80's.</p>",
        "user": [
            "nicole"
        ],
        "created_at": "2017-06-14T12:00:00Z"
    }
},
{
    "model": "threads.post",
    "pk": 9,
    "fields": {
        "thread": 4,
        "comment": "<p>I like to go out and sit in the wilderness to paint or draw. &nbsp;I mainly focus on flowers and plants.</p>",
        "user": [
            "nicole"
        ],
        "created_at": "2017-08-08T12:31:45Z"
    }
},
{
    "model": "threads.post",
    "pk": 10,
    "fields": {
        "thread": 5,
        "comment": "<p>Some other artists to look out for in terms of widlife would be John Banovich, Eric Wilson and Derek Robertson.</p>",
        "user": [
            "nicole"
        ],
        "created_at": "2017-05-05T18:00:00Z"
    }
},
{
    "model": "threads.post",
    "pk": 11,
    "fields": {
        "thread": 5,
        "comment": "<p>Other artists I like are Pip McGarry and Alan M Hunt.</p>",
        "user": [
            "nicole"
        ],
        "created_at": "2017-08-08T12:58:08.579Z"
    }
},
{
    "model": "threads.post",
    "pk": 12,
    "fields": {
        "thread": 6,
        "comment": "<p>Vincent Van Gogh produced over 2000 works during his life time. Approximately 900 paintings and 1100 drawings and sketches.&nbsp;</p>",
        "user": [
            "nicole"
        ],
        "created_at": "2017-08-14T12:00:00Z"
    }
},
{
    "model": "threads.post",
    "pk": 13,
    "fields": {
        "thread": 6,
        "comment": "<p>Picasso&rsquo;s abstract depiction of five Barcelona prostitutes was deemed immoral when it debuted at the artist&rsquo;s studio in 1907.</p>",
        "user": [
            "nicole"
        ],
        "created_at": "2017-08-08T13:15:25.336Z"
    }
},
{
    "model": "threads.post",
    "pk": 14,
    "fields": {
        "thread": 7,
        "comment": "",
        "user": [
            "nicole"
        ],
        "created_at": "2017-08-08T13:19:58.611Z"
    }
},
{
    "model": "threads.post",
    "pk": 15,
    "fields": {
        "thread": 4,
        "comment": "<p>I also get great inspiration from the ocean. &nbsp;Whenever I go on holiday I spend most of my time thinking of what I should draw next.</p>",
        "user": [
            "nicole@gmail.com"
        ],
        "created_at": "2017-08-08T14:00:51.787Z"
    }
},
{
    "model": "threads.post",
    "pk": 16,
    "fields": {
        "thread": 6,
        "comment": "<p>The first artists would use ashes from fires, red clay or natural plant pigments as paint.</p>",
        "user": [
            "sandy@gmail.com"
        ],
        "created_at": "2017-08-16T11:20:55.926Z"
    }
},
{
    "model": "threads.post",
    "pk": 17,
    "fields": {
        "thread": 8,
        "comment": "<p>1.&nbsp;Start with small paintings<br />2.&nbsp;Set up a space in a well-ventilated area<br />3.&nbsp;Buy high quality paints and brushes<br />4.&nbsp;Prime your painting surface<br />5.&nbsp;Understand colour and colour mixing<br />6.&nbsp;Use a limited painting palette<br />7.Start of the painting with an oil sketch<br />8.&nbsp;Paint thick over thin and fat over lean<br />9.&nbsp;Clean your brush between colours<br />10.&nbsp;Clean up well and dispose of supplies properly</p>\r\n<p>For some more tips check out this link&nbsp;https://www.thoughtco.com/top-tips-for-beginning-oil-painting-2578745</p>",
        "user": [
            "sandy@gmail.com"
        ],
        "created_at": "2017-08-16T11:41:36.049Z"
    }
},
{
    "model": "polls.poll",
    "pk": 1,
    "fields": {
        "question": "Who did you like best?",
        "thread": 7
    }
},
{
    "model": "polls.poll",
    "pk": 2,
    "fields": {
        "question": "What do you think of these tips?",
        "thread": 8
    }
},
{
    "model": "polls.poll",
    "pk": 3,
    "fields": {
        "question": "test",
        "thread": 9
    }
},
{
    "model": "polls.pollsubject",
    "pk": 1,
    "fields": {
        "name": "Pablo Picasso",
        "poll": 1
    }
},
{
    "model": "polls.pollsubject",
    "pk": 2,
    "fields": {
        "name": "Leonardo da Vinci",
        "poll": 1
    }
},
{
    "model": "polls.pollsubject",
    "pk": 3,
    "fields": {
        "name": "Vincent van Gogh",
        "poll": 1
    }
},
{
    "model": "polls.pollsubject",
    "pk": 4,
    "fields": {
        "name": "Great",
        "poll": 2
    }
},
{
    "model": "polls.pollsubject",
    "pk": 5,
    "fields": {
        "name": "Average",
        "poll": 2
    }
},
{
    "model": "polls.pollsubject",
    "pk": 6,
    "fields": {
        "name": "Bad",
        "poll": 2
    }
},
{
    "model": "polls.pollsubject",
    "pk": 7,
    "fields": {
        "name": "testing",
        "poll": 3
    }
},
{
    "model": "polls.pollsubject",
    "pk": 8,
    "fields": {
        "name": "tesng",
        "poll": 3
    }
},
{
    "model": "polls.pollsubject",
    "pk": 9,
    "fields": {
        "name": "testing",
        "poll": 3
    }
},
{
    "model": "polls.vote",
    "pk": 1,
    "fields": {
        "poll": 1,
        "subject": 2,
        "user": [
            "nicole@gmail.com"
        ]
    }
},
{
    "model": "polls.vote",
    "pk": 2,
    "fields": {
        "poll": 1,
        "subject": 1,
        "user": [
            "sandy@gmail.com"
        ]
    }
},
{
    "model": "polls.vote",
    "pk": 3,
    "fields": {
        "poll": 2,
        "subject": 4,
        "user": [
            "sandy@gmail.com"
        ]
    }
},
{
    "model": "polls.vote",
    "pk": 4,
    "fields": {
        "poll": 2,
        "subject": 4,
        "user": [
            "nicole@gmail.com"
        ]
    }
},
{
    "model": "products.product",
    "pk": 3,
    "fields": {
        "name": "Mother's Nature",
        "image": "images/giraffe-painting.jpg",
        "description": "The prints are 24 x 36 inches.\r\n\r\n*Postage and packaging not included.",
        "price": "850.00"
    }
},
{
    "model": "products.product",
    "pk": 4,
    "fields": {
        "name": "Valli M.",
        "image": "images/elephant-painting.jpg",
        "description": "The prints are 24 x 36 inches.\r\n\r\nPostage and packaging for your account.",
        "price": "850.00"
    }
},
{
    "model": "products.product",
    "pk": 5,
    "fields": {
        "name": "Hamba Kahle Mandela",
        "image": "images/nelson-mandela.jpg",
        "description": "35 x 48 inch.",
        "price": "1400.00"
    }
},
{
    "model": "postcards.postcard",
    "pk": 1,
    "fields": {
        "name": "Wildlife Photograph Postcards",
        "description": "Subscribe to get a monthly postcard of wildlife animals in South Africa.",
        "image": "images/cheetah-postcard.jpg",
        "imageTwo": "images/postcard-back.jpg",
        "price": "5.00"
    }
},
{
    "model": "postcards.postcard",
    "pk": 2,
    "fields": {
        "name": "Art by Keryn Postcard",
        "description": "Subscribe to get a monthly postcard of Keryn's artwork.",
        "image": "images/lioness-cub-painting.jpg",
        "imageTwo": "images/postcard-back_1q15Vsg.jpg",
        "price": "10.00"
    }
},
{
    "model": "postcards.postcard",
    "pk": 3,
    "fields": {
        "name": "Art by Keryn Prints",
        "description": "Subscribe to receive a monthly print of Keryn's artwork.",
        "image": "images/african-woman.jpg",
        "imageTwo": "images/zebra-drawing.jpg",
        "price": "25.00"
    }
},
{
    "model": "postcards.purchase",
    "pk": 1,
    "fields": {
        "user": [
            "nicole@gmail.com"
        ],
        "postcard": 2,
        "subscription_end": "2017-08-14T17:53:06Z"
    }
},
{
    "model": "admin.logentry",
    "pk": 1,
    "fields": {
        "action_time": "2017-07-28T16:36:54.606Z",
        "user": [
            "nicole"
        ],
        "content_type": [
            "threads",
            "subject"
        ],
        "object_id": "1",
        "object_repr": "Art History",
        "action_flag": 1,
        "change_message": "[{\"added\": {}}]"
    }
},
{
    "model": "admin.logentry",
    "pk": 2,
    "fields": {
        "action_time": "2017-07-28T16:38:13.178Z",
        "user": [
            "nicole"
        ],
        "content_type": [
            "threads",
            "subject"
        ],
        "object_id": "2",
        "object_repr": "Artists in same genre as Keryn",
        "action_flag": 1,
        "change_message": "[{\"added\": {}}]"
    }
},
{
    "model": "admin.logentry",
    "pk": 3,
    "fields": {
        "action_time": "2017-07-28T16:40:11.359Z",
        "user": [
            "nicole"
        ],
        "content_type": [
            "threads",
            "subject"
        ],
        "object_id": "3",
        "object_repr": "Painting Tips",
        "action_flag": 1,
        "change_message": "[{\"added\": {}}]"
    }
},
{
    "model": "admin.logentry",
    "pk": 4,
    "fields": {
        "action_time": "2017-07-28T16:42:59.536Z",
        "user": [
            "nicole"
        ],
        "content_type": [
            "threads",
            "subject"
        ],
        "object_id": "4",
        "object_repr": "Paintings",
        "action_flag": 1,
        "change_message": "[{\"added\": {}}]"
    }
},
{
    "model": "admin.logentry",
    "pk": 5,
    "fields": {
        "action_time": "2017-07-28T16:43:35.767Z",
        "user": [
            "nicole"
        ],
        "content_type": [
            "threads",
            "subject"
        ],
        "object_id": "5",
        "object_repr": "Drawings",
        "action_flag": 1,
        "change_message": "[{\"added\": {}}]"
    }
},
{
    "model": "admin.logentry",
    "pk": 6,
    "fields": {
        "action_time": "2017-07-28T16:44:11.695Z",
        "user": [
            "nicole"
        ],
        "content_type": [
            "threads",
            "subject"
        ],
        "object_id": "4",
        "object_repr": "Paintings",
        "action_flag": 2,
        "change_message": "[{\"changed\": {\"fields\": [\"description\"]}}]"
    }
},
{
    "model": "admin.logentry",
    "pk": 7,
    "fields": {
        "action_time": "2017-07-29T12:08:45.197Z",
        "user": [
            "nicole"
        ],
        "content_type": [
            "threads",
            "thread"
        ],
        "object_id": "1",
        "object_repr": "Thread object",
        "action_flag": 1,
        "change_message": "[{\"added\": {}}]"
    }
},
{
    "model": "admin.logentry",
    "pk": 8,
    "fields": {
        "action_time": "2017-07-29T12:08:53.533Z",
        "user": [
            "nicole"
        ],
        "content_type": [
            "threads",
            "post"
        ],
        "object_id": "1",
        "object_repr": "Post object",
        "action_flag": 1,
        "change_message": "[{\"added\": {}}]"
    }
},
{
    "model": "admin.logentry",
    "pk": 9,
    "fields": {
        "action_time": "2017-07-29T12:09:24.550Z",
        "user": [
            "nicole"
        ],
        "content_type": [
            "threads",
            "thread"
        ],
        "object_id": "2",
        "object_repr": "Thread object",
        "action_flag": 1,
        "change_message": "[{\"added\": {}}]"
    }
},
{
    "model": "admin.logentry",
    "pk": 10,
    "fields": {
        "action_time": "2017-07-29T12:09:50.368Z",
        "user": [
            "nicole"
        ],
        "content_type": [
            "threads",
            "post"
        ],
        "object_id": "2",
        "object_repr": "Post object",
        "action_flag": 1,
        "change_message": "[{\"added\": {}}]"
    }
},
{
    "model": "admin.logentry",
    "pk": 11,
    "fields": {
        "action_time": "2017-08-01T13:11:14.764Z",
        "user": [
            "nicole"
        ],
        "content_type": [
            "products",
            "product"
        ],
        "object_id": "1",
        "object_repr": "Valli M.",
        "action_flag": 1,
        "change_message": "[{\"added\": {}}]"
    }
},
{
    "model": "admin.logentry",
    "pk": 12,
    "fields": {
        "action_time": "2017-08-01T13:12:25.466Z",
        "user": [
            "nicole"
        ],
        "content_type": [
            "products",
            "product"
        ],
        "object_id": "2",
        "object_repr": "Valli M.",
        "action_flag": 1,
        "change_message": "[{\"added\": {}}]"
    }
},
{
    "model": "admin.logentry",
    "pk": 13,
    "fields": {
        "action_time": "2017-08-01T15:33:55.870Z",
        "user": [
            "nicole"
        ],
        "content_type": [
            "products",
            "product"
        ],
        "object_id": "2",
        "object_repr": "Valli M.",
        "action_flag": 3,
        "change_message": ""
    }
},
{
    "model": "admin.logentry",
    "pk": 14,
    "fields": {
        "action_time": "2017-08-02T10:15:17.691Z",
        "user": [
            "nicole"
        ],
        "content_type": [
            "products",
            "product"
        ],
        "object_id": "1",
        "object_repr": "Valli M.",
        "action_flag": 3,
        "change_message": ""
    }
},
{
    "model": "admin.logentry",
    "pk": 15,
    "fields": {
        "action_time": "2017-08-02T10:20:14.836Z",
        "user": [
            "nicole"
        ],
        "content_type": [
            "products",
            "product"
        ],
        "object_id": "3",
        "object_repr": "Mother's Nature",
        "action_flag": 1,
        "change_message": "[{\"added\": {}}]"
    }
},
{
    "model": "admin.logentry",
    "pk": 16,
    "fields": {
        "action_time": "2017-08-02T10:21:16.041Z",
        "user": [
            "nicole"
        ],
        "content_type": [
            "products",
            "product"
        ],
        "object_id": "4",
        "object_repr": "Valli M.",
        "action_flag": 1,
        "change_message": "[{\"added\": {}}]"
    }
},
{
    "model": "admin.logentry",
    "pk": 17,
    "fields": {
        "action_time": "2017-08-02T10:22:57.495Z",
        "user": [
            "nicole"
        ],
        "content_type": [
            "products",
            "product"
        ],
        "object_id": "5",
        "object_repr": "Humba Kahle Mandela",
        "action_flag": 1,
        "change_message": "[{\"added\": {}}]"
    }
},
{
    "model": "admin.logentry",
    "pk": 18,
    "fields": {
        "action_time": "2017-08-02T11:14:09.432Z",
        "user": [
            "nicole"
        ],
        "content_type": [
            "products",
            "product"
        ],
        "object_id": "3",
        "object_repr": "Mother's Nature",
        "action_flag": 2,
        "change_message": "[{\"changed\": {\"fields\": [\"image\"]}}]"
    }
},
{
    "model": "admin.logentry",
    "pk": 19,
    "fields": {
        "action_time": "2017-08-02T11:14:33.535Z",
        "user": [
            "nicole"
        ],
        "content_type": [
            "products",
            "product"
        ],
        "object_id": "4",
        "object_repr": "Valli M.",
        "action_flag": 2,
        "change_message": "[{\"changed\": {\"fields\": [\"image\"]}}]"
    }
},
{
    "model": "admin.logentry",
    "pk": 20,
    "fields": {
        "action_time": "2017-08-02T11:14:49.363Z",
        "user": [
            "nicole"
        ],
        "content_type": [
            "products",
            "product"
        ],
        "object_id": "5",
        "object_repr": "Humba Kahle Mandela",
        "action_flag": 2,
        "change_message": "[{\"changed\": {\"fields\": [\"image\"]}}]"
    }
},
{
    "model": "admin.logentry",
    "pk": 21,
    "fields": {
        "action_time": "2017-08-02T13:56:30.101Z",
        "user": [
            "nicole"
        ],
        "content_type": [
            "products",
            "product"
        ],
        "object_id": "5",
        "object_repr": "Hamba Kahle Mandela",
        "action_flag": 2,
        "change_message": "[{\"changed\": {\"fields\": [\"name\"]}}]"
    }
},
{
    "model": "admin.logentry",
    "pk": 22,
    "fields": {
        "action_time": "2017-08-02T13:59:47.633Z",
        "user": [
            "nicole"
        ],
        "content_type": [
            "products",
            "product"
        ],
        "object_id": "5",
        "object_repr": "Hamba Kahle Mandela",
        "action_flag": 2,
        "change_message": "[{\"changed\": {\"fields\": [\"description\", \"price\"]}}]"
    }
},
{
    "model": "admin.logentry",
    "pk": 23,
    "fields": {
        "action_time": "2017-08-02T14:04:12.438Z",
        "user": [
            "nicole"
        ],
        "content_type": [
            "products",
            "product"
        ],
        "object_id": "4",
        "object_repr": "Valli M.",
        "action_flag": 2,
        "change_message": "[]"
    }
},
{
    "model": "admin.logentry",
    "pk": 24,
    "fields": {
        "action_time": "2017-08-02T14:05:00.949Z",
        "user": [
            "nicole"
        ],
        "content_type": [
            "products",
            "product"
        ],
        "object_id": "5",
        "object_repr": "Hamba Kahle Mandela",
        "action_flag": 2,
        "change_message": "[{\"changed\": {\"fields\": [\"price\"]}}]"
    }
},
{
    "model": "admin.logentry",
    "pk": 25,
    "fields": {
        "action_time": "2017-08-02T14:05:44.542Z",
        "user": [
            "nicole"
        ],
        "content_type": [
            "products",
            "product"
        ],
        "object_id": "4",
        "object_repr": "Valli M.",
        "action_flag": 2,
        "change_message": "[{\"changed\": {\"fields\": [\"price\"]}}]"
    }
},
{
    "model": "admin.logentry",
    "pk": 26,
    "fields": {
        "action_time": "2017-08-02T14:05:59.149Z",
        "user": [
            "nicole"
        ],
        "content_type": [
            "products",
            "product"
        ],
        "object_id": "3",
        "object_repr": "Mother's Nature",
        "action_flag": 2,
        "change_message": "[{\"changed\": {\"fields\": [\"price\"]}}]"
    }
},
{
    "model": "admin.logentry",
    "pk": 27,
    "fields": {
        "action_time": "2017-08-03T14:22:20.171Z",
        "user": [
            "nicole"
        ],
        "content_type": [
            "threads",
            "subject"
        ],
        "object_id": "1",
        "object_repr": "Art History",
        "action_flag": 2,
        "change_message": "[{\"changed\": {\"fields\": [\"description\"]}}]"
    }
},
{
    "model": "admin.logentry",
    "pk": 28,
    "fields": {
        "action_time": "2017-08-03T14:22:43.986Z",
        "user": [
            "nicole"
        ],
        "content_type": [
            "threads",
            "subject"
        ],
        "object_id": "2",
        "object_repr": "Artists in same genre as Keryn",
        "action_flag": 2,
        "change_message": "[{\"changed\": {\"fields\": [\"description\"]}}]"
    }
},
{
    "model": "admin.logentry",
    "pk": 29,
    "fields": {
        "action_time": "2017-08-03T14:23:21.261Z",
        "user": [
            "nicole"
        ],
        "content_type": [
            "threads",
            "subject"
        ],
        "object_id": "3",
        "object_repr": "Painting Tips",
        "action_flag": 2,
        "change_message": "[{\"changed\": {\"fields\": [\"description\"]}}]"
    }
},
{
    "model": "admin.logentry",
    "pk": 30,
    "fields": {
        "action_time": "2017-08-03T14:23:47.901Z",
        "user": [
            "nicole"
        ],
        "content_type": [
            "threads",
            "subject"
        ],
        "object_id": "4",
        "object_repr": "Paintings",
        "action_flag": 2,
        "change_message": "[{\"changed\": {\"fields\": [\"description\"]}}]"
    }
},
{
    "model": "admin.logentry",
    "pk": 31,
    "fields": {
        "action_time": "2017-08-03T14:24:25.743Z",
        "user": [
            "nicole"
        ],
        "content_type": [
            "threads",
            "subject"
        ],
        "object_id": "5",
        "object_repr": "Drawings",
        "action_flag": 2,
        "change_message": "[{\"changed\": {\"fields\": [\"description\"]}}]"
    }
},
{
    "model": "admin.logentry",
    "pk": 33,
    "fields": {
        "action_time": "2017-08-07T14:48:00.024Z",
        "user": [
            "nicole"
        ],
        "content_type": [
            "subscriptions",
            "purchase"
        ],
        "object_id": "1",
        "object_repr": "Purchase object",
        "action_flag": 1,
        "change_message": "[{\"added\": {}}]"
    }
},
{
    "model": "admin.logentry",
    "pk": 34,
    "fields": {
        "action_time": "2017-08-07T14:52:54.924Z",
        "user": [
            "nicole"
        ],
        "content_type": [
            "subscriptions",
            "subscription"
        ],
        "object_id": "2",
        "object_repr": "Post Cards",
        "action_flag": 1,
        "change_message": "[{\"added\": {}}]"
    }
},
{
    "model": "admin.logentry",
    "pk": 35,
    "fields": {
        "action_time": "2017-08-07T17:16:04.731Z",
        "user": [
            "nicole"
        ],
        "content_type": [
            "subscriptions",
            "subscription"
        ],
        "object_id": "2",
        "object_repr": "Post Cards",
        "action_flag": 3,
        "change_message": ""
    }
},
{
    "model": "admin.logentry",
    "pk": 36,
    "fields": {
        "action_time": "2017-08-07T17:16:04.861Z",
        "user": [
            "nicole"
        ],
        "content_type": [
            "subscriptions",
            "subscription"
        ],
        "object_id": "1",
        "object_repr": "hey",
        "action_flag": 3,
        "change_message": ""
    }
},
{
    "model": "admin.logentry",
    "pk": 37,
    "fields": {
        "action_time": "2017-08-07T17:16:29.879Z",
        "user": [
            "nicole"
        ],
        "content_type": [
            "subscriptions",
            "subscription"
        ],
        "object_id": "3",
        "object_repr": "Postcards",
        "action_flag": 1,
        "change_message": "[{\"added\": {}}]"
    }
},
{
    "model": "admin.logentry",
    "pk": 38,
    "fields": {
        "action_time": "2017-08-07T17:16:59.100Z",
        "user": [
            "nicole"
        ],
        "content_type": [
            "subscriptions",
            "purchase"
        ],
        "object_id": "2",
        "object_repr": "Purchase object",
        "action_flag": 1,
        "change_message": "[{\"added\": {}}]"
    }
},
{
    "model": "admin.logentry",
    "pk": 39,
    "fields": {
        "action_time": "2017-08-08T12:24:47.328Z",
        "user": [
            "nicole"
        ],
        "content_type": [
            "threads",
            "subject"
        ],
        "object_id": "6",
        "object_repr": "Art Inspiration",
        "action_flag": 1,
        "change_message": "[{\"added\": {}}]"
    }
},
{
    "model": "admin.logentry",
    "pk": 40,
    "fields": {
        "action_time": "2017-08-08T12:26:27.312Z",
        "user": [
            "nicole"
        ],
        "content_type": [
            "threads",
            "post"
        ],
        "object_id": "1",
        "object_repr": "Post object",
        "action_flag": 3,
        "change_message": ""
    }
},
{
    "model": "admin.logentry",
    "pk": 41,
    "fields": {
        "action_time": "2017-08-08T12:26:35.519Z",
        "user": [
            "nicole"
        ],
        "content_type": [
            "threads",
            "post"
        ],
        "object_id": "7",
        "object_repr": "Post object",
        "action_flag": 3,
        "change_message": ""
    }
},
{
    "model": "admin.logentry",
    "pk": 42,
    "fields": {
        "action_time": "2017-08-08T12:26:35.633Z",
        "user": [
            "nicole"
        ],
        "content_type": [
            "threads",
            "post"
        ],
        "object_id": "2",
        "object_repr": "Post object",
        "action_flag": 3,
        "change_message": ""
    }
},
{
    "model": "admin.logentry",
    "pk": 43,
    "fields": {
        "action_time": "2017-08-08T12:26:49.765Z",
        "user": [
            "nicole"
        ],
        "content_type": [
            "threads",
            "thread"
        ],
        "object_id": "2",
        "object_repr": "Thread object",
        "action_flag": 3,
        "change_message": ""
    }
},
{
    "model": "admin.logentry",
    "pk": 44,
    "fields": {
        "action_time": "2017-08-08T12:26:49.913Z",
        "user": [
            "nicole"
        ],
        "content_type": [
            "threads",
            "thread"
        ],
        "object_id": "1",
        "object_repr": "Thread object",
        "action_flag": 3,
        "change_message": ""
    }
},
{
    "model": "admin.logentry",
    "pk": 45,
    "fields": {
        "action_time": "2017-08-08T12:27:12.534Z",
        "user": [
            "nicole"
        ],
        "content_type": [
            "threads",
            "subject"
        ],
        "object_id": "5",
        "object_repr": "Drawings",
        "action_flag": 3,
        "change_message": ""
    }
},
{
    "model": "admin.logentry",
    "pk": 46,
    "fields": {
        "action_time": "2017-08-08T12:27:12.675Z",
        "user": [
            "nicole"
        ],
        "content_type": [
            "threads",
            "subject"
        ],
        "object_id": "4",
        "object_repr": "Paintings",
        "action_flag": 3,
        "change_message": ""
    }
},
{
    "model": "admin.logentry",
    "pk": 47,
    "fields": {
        "action_time": "2017-08-08T12:29:06.001Z",
        "user": [
            "nicole"
        ],
        "content_type": [
            "threads",
            "thread"
        ],
        "object_id": "3",
        "object_repr": "Thread object",
        "action_flag": 1,
        "change_message": "[{\"added\": {}}]"
    }
},
{
    "model": "admin.logentry",
    "pk": 48,
    "fields": {
        "action_time": "2017-08-08T12:29:51.656Z",
        "user": [
            "nicole"
        ],
        "content_type": [
            "threads",
            "thread"
        ],
        "object_id": "4",
        "object_repr": "Thread object",
        "action_flag": 1,
        "change_message": "[{\"added\": {}}]"
    }
},
{
    "model": "admin.logentry",
    "pk": 49,
    "fields": {
        "action_time": "2017-08-08T12:31:39.298Z",
        "user": [
            "nicole"
        ],
        "content_type": [
            "threads",
            "post"
        ],
        "object_id": "8",
        "object_repr": "Post object",
        "action_flag": 1,
        "change_message": "[{\"added\": {}}]"
    }
},
{
    "model": "admin.logentry",
    "pk": 50,
    "fields": {
        "action_time": "2017-08-08T12:33:07.151Z",
        "user": [
            "nicole"
        ],
        "content_type": [
            "threads",
            "post"
        ],
        "object_id": "9",
        "object_repr": "Post object",
        "action_flag": 1,
        "change_message": "[{\"added\": {}}]"
    }
},
{
    "model": "admin.logentry",
    "pk": 51,
    "fields": {
        "action_time": "2017-08-08T12:34:45.908Z",
        "user": [
            "nicole"
        ],
        "content_type": [
            "threads",
            "post"
        ],
        "object_id": "8",
        "object_repr": "Post object",
        "action_flag": 2,
        "change_message": "[{\"changed\": {\"fields\": [\"thread\"]}}]"
    }
},
{
    "model": "admin.logentry",
    "pk": 52,
    "fields": {
        "action_time": "2017-08-08T12:40:18.574Z",
        "user": [
            "nicole"
        ],
        "content_type": [
            "threads",
            "thread"
        ],
        "object_id": "5",
        "object_repr": "Thread object",
        "action_flag": 1,
        "change_message": "[{\"added\": {}}]"
    }
},
{
    "model": "admin.logentry",
    "pk": 53,
    "fields": {
        "action_time": "2017-08-08T12:40:52.430Z",
        "user": [
            "nicole"
        ],
        "content_type": [
            "threads",
            "post"
        ],
        "object_id": "10",
        "object_repr": "Post object",
        "action_flag": 1,
        "change_message": "[{\"added\": {}}]"
    }
},
{
    "model": "admin.logentry",
    "pk": 54,
    "fields": {
        "action_time": "2017-08-08T12:42:24.116Z",
        "user": [
            "nicole"
        ],
        "content_type": [
            "threads",
            "post"
        ],
        "object_id": "10",
        "object_repr": "Post object",
        "action_flag": 2,
        "change_message": "[{\"changed\": {\"fields\": [\"comment\", \"created_at\"]}}]"
    }
},
{
    "model": "admin.logentry",
    "pk": 55,
    "fields": {
        "action_time": "2017-08-08T13:04:55.921Z",
        "user": [
            "nicole"
        ],
        "content_type": [
            "threads",
            "thread"
        ],
        "object_id": "6",
        "object_repr": "Thread object",
        "action_flag": 1,
        "change_message": "[{\"added\": {}}]"
    }
},
{
    "model": "admin.logentry",
    "pk": 56,
    "fields": {
        "action_time": "2017-08-08T13:12:49.405Z",
        "user": [
            "nicole"
        ],
        "content_type": [
            "threads",
            "post"
        ],
        "object_id": "12",
        "object_repr": "Post object",
        "action_flag": 1,
        "change_message": "[{\"added\": {}}]"
    }
},
{
    "model": "admin.logentry",
    "pk": 57,
    "fields": {
        "action_time": "2017-08-15T15:00:48.862Z",
        "user": [
            "nicole"
        ],
        "content_type": [
            "products",
            "product"
        ],
        "object_id": "4",
        "object_repr": "Valli M.",
        "action_flag": 2,
        "change_message": "[{\"changed\": {\"fields\": [\"price\"]}}]"
    }
},
{
    "model": "admin.logentry",
    "pk": 58,
    "fields": {
        "action_time": "2017-08-15T15:01:01.703Z",
        "user": [
            "nicole"
        ],
        "content_type": [
            "products",
            "product"
        ],
        "object_id": "3",
        "object_repr": "Mother's Nature",
        "action_flag": 2,
        "change_message": "[{\"changed\": {\"fields\": [\"price\"]}}]"
    }
},
{
    "model": "admin.logentry",
    "pk": 59,
    "fields": {
        "action_time": "2017-08-15T17:30:27.046Z",
        "user": [
            "nicole"
        ],
        "content_type": [
            "postcards",
            "postcard"
        ],
        "object_id": "1",
        "object_repr": "Wildlife Photograph Postcards",
        "action_flag": 1,
        "change_message": "[{\"added\": {}}]"
    }
},
{
    "model": "admin.logentry",
    "pk": 60,
    "fields": {
        "action_time": "2017-08-15T17:49:22.725Z",
        "user": [
            "nicole"
        ],
        "content_type": [
            "postcards",
            "postcard"
        ],
        "object_id": "2",
        "object_repr": "Art by Keryn Postcard",
        "action_flag": 1,
        "change_message": "[{\"added\": {}}]"
    }
},
{
    "model": "admin.logentry",
    "pk": 61,
    "fields": {
        "action_time": "2017-08-15T17:52:48.046Z",
        "user": [
            "nicole"
        ],
        "content_type": [
            "postcards",
            "postcard"
        ],
        "object_id": "3",
        "object_repr": "Art by Keryn Prints",
        "action_flag": 1,
        "change_message": "[{\"added\": {}}]"
    }
},
{
    "model": "admin.logentry",
    "pk": 62,
    "fields": {
        "action_time": "2017-08-15T17:53:31.210Z",
        "user": [
            "nicole"
        ],
        "content_type": [
            "postcards",
            "purchase"
        ],
        "object_id": "1",
        "object_repr": "Purchase object",
        "action_flag": 1,
        "change_message": "[{\"added\": {}}]"
    }
},
{
    "model": "admin.logentry",
    "pk": 63,
    "fields": {
        "action_time": "2017-08-16T09:26:36.846Z",
        "user": [
            "nicole"
        ],
        "content_type": [
            "postcards",
            "postcard"
        ],
        "object_id": "2",
        "object_repr": "Art by Keryn Postcard",
        "action_flag": 2,
        "change_message": "[{\"changed\": {\"fields\": [\"image\"]}}]"
    }
}
]
